{
  "val_loss": [
    2.0366413593292236
  ],
  "val_crf_accuracy": [
    0.695652186870575
  ],
  "loss": [
    3.236393451690674
  ],
  "crf_accuracy": [
    0.30917874
  ],
  "config": {
    "lstm_units": 200,
    "epochs": 8,
    "batch_size": 16,
    "train_dataset": "train2_9.data",
    "test_dataset": "train2_9.data"
  }
}