{
  "val_loss": [
    2.0920729637145996
  ],
  "val_crf_accuracy": [
    0.5396039485931396
  ],
  "loss": [
    2.1455678939819336
  ],
  "crf_accuracy": [
    0.034653466
  ],
  "config": {
    "embedding_dim": 300,
    "lstm_units": 200,
    "epochs": 8,
    "batch_size": 16,
    "train_dataset": "train2_9.data",
    "test_dataset": "train2_9.data"
  }
}