{
  "val_loss": [
    7.509663107022957,
    7.506045269731396,
    7.524189266977431,
    7.50476231890221,
    7.505918571214636,
    7.5093300050824,
    7.5039671818750655,
    7.506230318764259
  ],
  "val_crf_accuracy": [
    0.9831162691116333,
    0.9853225350379944,
    0.9834641218185425,
    0.9863035082817078,
    0.9861547350883484,
    0.9871324896812439,
    0.9868724346160889,
    0.9857637286186218
  ],
  "loss": [
    17.40259642582281,
    17.358062001515144,
    17.354551989664838,
    17.35355477726444,
    17.352815051934233,
    17.351671909880086,
    17.35120809739045,
    17.351184003689255
  ],
  "crf_accuracy": [
    0.98108023,
    0.9961696,
    0.99719733,
    0.9976304,
    0.9978002,
    0.9983305,
    0.9983094,
    0.99803984
  ]
}